[
  {
    "model": "auth.user",
    "pk": 1,
    "fields": {
      "password": "pbkdf2_sha256$260000$ytWG4MwwOUGVkkjN7tRZt8$/7/M4VFi4fqptGI1RrUTvKHDdJBztrqp6dfq2SRSFY8=",
      "last_login": "2023-01-26T17:17:34.307Z",
      "is_superuser": true,
      "username": "foivos",
      "first_name": "",
      "last_name": "",
      "email": "foivos@mail.com",
      "is_staff": true,
      "is_active": true,
      "date_joined": "2022-12-18T11:12:39.949Z",
      "groups": [],
      "user_permissions": []
    }
  },
  {
    "model": "contenttypes.contenttype",
    "pk": 1,
    "fields": { "app_label": "admin", "model": "logentry" }
  },
  {
    "model": "contenttypes.contenttype",
    "pk": 2,
    "fields": { "app_label": "auth", "model": "permission" }
  },
  {
    "model": "contenttypes.contenttype",
    "pk": 3,
    "fields": { "app_label": "auth", "model": "group" }
  },
  {
    "model": "contenttypes.contenttype",
    "pk": 4,
    "fields": { "app_label": "auth", "model": "user" }
  },
  {
    "model": "contenttypes.contenttype",
    "pk": 5,
    "fields": { "app_label": "contenttypes", "model": "contenttype" }
  },
  {
    "model": "contenttypes.contenttype",
    "pk": 6,
    "fields": { "app_label": "sessions", "model": "session" }
  },
  {
    "model": "contenttypes.contenttype",
    "pk": 7,
    "fields": { "app_label": "base", "model": "recipe" }
  },
  {
    "model": "contenttypes.contenttype",
    "pk": 8,
    "fields": { "app_label": "base", "model": "steprecipe" }
  },
  {
    "model": "contenttypes.contenttype",
    "pk": 9,
    "fields": { "app_label": "base", "model": "ingredient" }
  },
  {
    "model": "sessions.session",
    "pk": "9puhrli7u1u310vzaqvr6j2oc6gnlpbi",
    "fields": {
      "session_data": ".eJxVjMsOwiAQRf-FtSEwDi-X7vsNBBiQqoGktCvjv2uTLnR7zzn3xXzY1uq3kRc_E7swyU6_WwzpkdsO6B7arfPU27rMke8KP-jgU6f8vB7u30ENo35rI0V2OkIRrhCYJJ22qESMKgCCcJCVJZA2FJPxrIQGQkwFrTJOkgT2_gDAZza2:1pL5sU:aIhrlvB0aiwThhf1ShaJbmV_r2RIZqXkxYEkX9tN_1M",
      "expire_date": "2023-02-09T17:17:34.311Z"
    }
  },
  {
    "model": "sessions.session",
    "pk": "lup629093b1of03vltvxea79ves9czdl",
    "fields": {
      "session_data": ".eJxVjMsOwiAQRf-FtSEwDi-X7vsNBBiQqoGktCvjv2uTLnR7zzn3xXzY1uq3kRc_E7swyU6_WwzpkdsO6B7arfPU27rMke8KP-jgU6f8vB7u30ENo35rI0V2OkIRrhCYJJ22qESMKgCCcJCVJZA2FJPxrIQGQkwFrTJOkgT2_gDAZza2:1p6rb6:dxGX7f7JgSiJvkNgY4Yv3iD8xQMzQUxqufxHQXZhtkc",
      "expire_date": "2023-01-01T11:12:48.305Z"
    }
  },
  {
    "model": "base.recipe",
    "pk": 3,
    "fields": {
      "name": "Παϊδάκια",
      "category": "Κρεατικά",
      "difficulty": "MODERATE",
      "steps": 3,
      "duration": 120.0,
      "image": "/paidakia.jpg",
      "updated": "2022-12-20T10:30:52.182Z",
      "created": "2022-12-18T12:51:16.189Z"
    }
  },
  {
    "model": "base.recipe",
    "pk": 5,
    "fields": {
      "name": "Σπανακόρυζο",
      "category": "Λαχανικά",
      "difficulty": "EASY",
      "steps": 12,
      "duration": 12.0,
      "image": "/spanakoruzo.jpg",
      "updated": "2022-12-22T12:38:35.176Z",
      "created": "2022-12-22T12:38:35.167Z"
    }
  },
  {
    "model": "base.recipe",
    "pk": 6,
    "fields": {
      "name": "Μπουμπάρι",
      "category": "Μεζές",
      "difficulty": "HARD",
      "steps": 12,
      "duration": 120.0,
      "image": "/mpoumpari.jpg",
      "updated": "2022-12-22T12:43:31.998Z",
      "created": "2022-12-22T12:43:31.993Z"
    }
  },
  {
    "model": "base.recipe",
    "pk": 8,
    "fields": {
      "name": "Μουσακάς",
      "category": "Κιμάς",
      "difficulty": "HARD",
      "steps": 3,
      "duration": 20.0,
      "image": "light-mousakas.jpg",
      "updated": "2022-12-26T13:34:33.811Z",
      "created": "2022-12-22T14:12:10.753Z"
    }
  },
  {
    "model": "base.steprecipe",
    "pk": 3,
    "fields": {
      "recipe": 8,
      "step": 11,
      "title": "Σβήνουμε με την τομάτα κονκασέ",
      "description": "Σβήνουμε με την τομάτα κονκασέ, ανακατεύουμε καλά και αφήνουμε να δέσει σε χαμηλή φωτιά για 10-15 λεπτά. Ανακατεύουμε ανά τακτά χρονικά διαστήματα.",
      "duration": 15.0,
      "image": "",
      "updated": "2023-02-03T08:52:40.186Z",
      "created": "2022-12-23T11:53:51.304Z"
    }
  },
  {
    "model": "base.steprecipe",
    "pk": 6,
    "fields": {
      "recipe": 5,
      "step": 1,
      "title": "Κατσαρόλα σε δυνατή φωτιά",
      "description": "Τοποθετούμε μια κατσαρόλα σε δυνατή φωτιά και βάζουμε 2 κ.σ. ελαιόλαδο.",
      "duration": 4.0,
      "image": "",
      "updated": "2023-02-03T09:18:25.988Z",
      "created": "2022-12-26T10:57:34.628Z"
    }
  },
  {
    "model": "base.steprecipe",
    "pk": 9,
    "fields": {
      "recipe": 8,
      "step": 2,
      "title": "Κόβουμε τις πατάτες",
      "description": "Κόβουμε τις πατάτες σε ροδέλες 1 εκ. και τις ψήνουμε στο τηγάνι μαζί με 2-3 κ.σ. ελαιόλαδο, μέχρι να πάρουν καλό χρώμα και από τις δύο πλευρές (και να σπάσουν δεν πειράζει).",
      "duration": 5.0,
      "image": "",
      "updated": "2023-02-03T08:57:49.682Z",
      "created": "2022-12-26T13:57:33.874Z"
    }
  },
  {
    "model": "base.steprecipe",
    "pk": 64,
    "fields": {
      "recipe": 8,
      "step": 3,
      "title": "Ταψί",
      "description": "Σε ένα ταψί 25x30 εκ. με ελάχιστο ελαιόλαδο στρώνουμε τις πατάτες (1η στρώση), ρίχνουμε θυμάρι και αλατοπιπερώνουμε.",
      "duration": 1.0,
      "image": "",
      "updated": "2023-02-03T08:58:14.609Z",
      "created": "2023-01-29T14:04:06.434Z"
    }
  },
  {
    "model": "base.steprecipe",
    "pk": 65,
    "fields": {
      "recipe": 8,
      "step": 4,
      "title": "Κόβουμε το κρεμμύδι",
      "description": "Κόβουμε το κρεμμύδι σε λεπτές φέτες και το ρίχνουμε στο ίδιο τηγάνι μαζί με λίγο ελαιόλαδο. Σοτάρουμε το κρεμμύδι μέχρι να καραμελώσει και το βάζουμε στο ταψί πάνω από τις πατάτες.",
      "duration": 5.0,
      "image": "",
      "updated": "2023-02-03T08:58:39.676Z",
      "created": "2023-01-29T14:04:40.742Z"
    }
  },
  {
    "model": "base.steprecipe",
    "pk": 66,
    "fields": {
      "recipe": 8,
      "step": 5,
      "title": "Κολοκύθακια σε ροδέλες",
      "description": "Κόβουμε τα κολοκύθακια σε ροδέλες και τα ρίχνουμε στο ίδιο τηγάνι μαζί με λίγο ελαιόλαδο. Περιμένουμε μέχρι να πάρουν λίγο χρώμα και τα στρώνουμε πάνω στις πατάτες (2η στρώση), ρίχνουμε θυμάρι και αλατοπιπερώνουμε.",
      "duration": 12.0,
      "image": "",
      "updated": "2023-01-29T14:05:37.156Z",
      "created": "2023-01-29T14:05:18.459Z"
    }
  },
  {
    "model": "base.steprecipe",
    "pk": 67,
    "fields": {
      "recipe": 8,
      "step": 6,
      "title": "Μελιτζάνες σε ροδέλες",
      "description": "Κόβουμε τις μελιτζάνες σε ροδέλες και τις ρίχνουμε στο ίδιο τηγάνι μαζί με λίγο ελαιόλαδο. Περιμένουμε μέχρι να πάρουν λίγο χρώμα και τις στρώνουμε πάνω από τα κολοκύθια (3η στρώση), ρίχνουμε θυμάρι και αλατοπιπερώνουμε.",
      "duration": 12.0,
      "image": "",
      "updated": "2023-01-29T14:06:04.686Z",
      "created": "2023-01-29T14:06:04.680Z"
    }
  },
  {
    "model": "base.steprecipe",
    "pk": 68,
    "fields": {
      "recipe": 8,
      "step": 7,
      "title": "Χοντροκόβουμε το κρεμμύδι",
      "description": "Χοντροκόβουμε το κρεμμύδι και το ρίχνουμε στο ίδιο τηγάνι που χρησιμοποιήσαμε για τα λαχανικά μαζί με λίγο ελαιόλαδο σε δυνατή φωτιά.",
      "duration": 2.0,
      "image": "",
      "updated": "2023-01-29T14:06:27.318Z",
      "created": "2023-01-29T14:06:27.315Z"
    }
  },
  {
    "model": "base.steprecipe",
    "pk": 69,
    "fields": {
      "recipe": 8,
      "step": 8,
      "title": "Σκόρδο",
      "description": "Ψιλοκόβουμε το σκόρδο και το ρίχνουμε μέσα στο τηγάνι.",
      "duration": 1.0,
      "image": "",
      "updated": "2023-01-29T14:06:44.574Z",
      "created": "2023-01-29T14:06:44.570Z"
    }
  },
  {
    "model": "base.steprecipe",
    "pk": 70,
    "fields": {
      "recipe": 8,
      "step": 9,
      "title": "Προσθέτουμε μπαχαρικά",
      "description": "Προσθέτουμε τη ζάχαρη, το μοσχοκάρυδο, την κανέλα, τον πελτέ και ανακατεύουμε με μία ξύλινη κουτάλα. Σε αυτό το σημείο ξύνουμε με την κουτάλα τον πάτο του τηγανιού για να ανακατευτεί καλά ο πελτές, να πάρει χρώμα και να φύγει η πικρή του γεύση.",
      "duration": 5.0,
      "image": "",
      "updated": "2023-02-03T08:59:24.265Z",
      "created": "2023-01-29T14:07:15.328Z"
    }
  },
  {
    "model": "base.steprecipe",
    "pk": 71,
    "fields": {
      "recipe": 8,
      "step": 10,
      "title": "Προσθέτουμε τον κιμά",
      "description": "Προσθέτουμε τον κιμά στο τηγάνι και ανακατεύουμε πολύ καλά μέχρι να καραμελώσει και να πάρει ωραίο χρώμα.",
      "duration": 5.0,
      "image": "",
      "updated": "2023-02-03T09:09:24.040Z",
      "created": "2023-01-29T14:07:33.915Z"
    }
  },
  {
    "model": "base.steprecipe",
    "pk": 72,
    "fields": {
      "recipe": 8,
      "step": 11,
      "title": "Σβήνουμε με την τομάτα κονκασέ",
      "description": "Σβήνουμε με την τομάτα κονκασέ, ανακατεύουμε καλά και αφήνουμε να δέσει σε χαμηλή φωτιά για 10-15 λεπτά. Ανακατεύουμε ανά τακτά χρονικά διαστήματα.",
      "duration": 1.0,
      "image": "",
      "updated": "2023-02-03T09:09:51.359Z",
      "created": "2023-01-29T14:08:10.869Z"
    }
  },
  {
    "model": "base.steprecipe",
    "pk": 73,
    "fields": {
      "recipe": 8,
      "step": 12,
      "title": "Αλατοπιπερώνουμε",
      "description": "Λίγο πριν αφαιρέσουμε από τη φωτιά, αλατοπιπερώνουμε.",
      "duration": 0.5,
      "image": "",
      "updated": "2023-01-29T14:09:02.607Z",
      "created": "2023-01-29T14:09:02.604Z"
    }
  },
  {
    "model": "base.steprecipe",
    "pk": 74,
    "fields": {
      "recipe": 8,
      "step": 13,
      "title": "Κατσαρολάκι",
      "description": "Βάζουμε ένα κατσαρολάκι σε χαμηλή φωτιά.",
      "duration": 2.0,
      "image": "",
      "updated": "2023-01-29T14:09:46.118Z",
      "created": "2023-01-29T14:09:46.113Z"
    }
  },
  {
    "model": "base.steprecipe",
    "pk": 75,
    "fields": {
      "recipe": 8,
      "step": 14,
      "title": "Βούτυρο",
      "description": "Προσθέτουμε το βούτυρο. Μόλις λιώσει ρίχνουμε το αλεύρι και ανακατεύουμε με το σύρμα.",
      "duration": 2.0,
      "image": "",
      "updated": "2023-01-29T14:10:04.582Z",
      "created": "2023-01-29T14:10:04.579Z"
    }
  },
  {
    "model": "base.steprecipe",
    "pk": 76,
    "fields": {
      "recipe": 8,
      "step": 15,
      "title": "Προσθέτουμε το γάλα",
      "description": "Προσθέτουμε το γάλα, σταδιακά σε δόσεις. Είναι πολύ σημαντικό να ρίχνουμε το γάλα σε μικρές δόσεις. Μόλις απορροφηθεί η πρώτη (να μην έχει γρομπαλάκια), τότε ρίχνουμε την επόμενη δόση. Ανακατεύουμε συνεχώς έτσι ώστε να μη μας σβολιάσει το μείγμα. Κάνουμε αυτή τη διαδικασία μέχρι να απορροφηθεί τελείως το γάλα.",
      "duration": 10.0,
      "image": "",
      "updated": "2023-02-03T09:10:54.355Z",
      "created": "2023-01-29T14:10:36.919Z"
    }
  },
  {
    "model": "base.steprecipe",
    "pk": 77,
    "fields": {
      "recipe": 8,
      "step": 16,
      "title": "Έτοιμη μπεσαμέλ",
      "description": "Μόλις η μπεσαμέλ αρχίσει να βγάζει φουσκάλες, είναι έτοιμη. Θα πρέπει να είναι κρεμώδης και λεία.",
      "duration": 2.0,
      "image": "",
      "updated": "2023-01-29T14:11:11.654Z",
      "created": "2023-01-29T14:11:11.651Z"
    }
  },
  {
    "model": "base.steprecipe",
    "pk": 78,
    "fields": {
      "recipe": 8,
      "step": 17,
      "title": "Προσθέτουμε υλικά",
      "description": "Αφαιρούμε από τη φωτιά και προσθέτουμε μέσα τριμμένο πιπέρι, τριμμένο μοσχοκάρυδο, λίγη παρμεζάνα, τους κρόκους από τα αυγά και ανακατεύουμε καλά.",
      "duration": 3.0,
      "image": "",
      "updated": "2023-02-03T09:11:17.302Z",
      "created": "2023-01-29T14:11:57.229Z"
    }
  },
  {
    "model": "base.steprecipe",
    "pk": 79,
    "fields": {
      "recipe": 8,
      "step": 18,
      "title": "Μπεσαμέλ μέσα στον κιμά",
      "description": "Ρίχνουμε 200 γρ. από τη μπεσαμέλ μέσα στον κιμά. Με αυτόν τον τρόπο θα κρατηθούν όλα τα υλικά του μουσακά μας ενωμένα.",
      "duration": 1.0,
      "image": "",
      "updated": "2023-02-03T09:11:48.160Z",
      "created": "2023-01-29T14:12:31.844Z"
    }
  },
  {
    "model": "base.steprecipe",
    "pk": 80,
    "fields": {
      "recipe": 8,
      "step": 19,
      "title": "Αλάτι πιπέρι",
      "description": "Προσθέτουμε αν χρειάζεται αλάτι και πιπέρι.",
      "duration": 0.3,
      "image": "",
      "updated": "2023-01-29T14:13:05.787Z",
      "created": "2023-01-29T14:12:53.113Z"
    }
  },
  {
    "model": "base.steprecipe",
    "pk": 81,
    "fields": {
      "recipe": 8,
      "step": 20,
      "title": "Στρώνουμε τον κιμά",
      "description": "Στρώνουμε τον κιμά στο ταψί με τα λαχανικά (4η στρώση).",
      "duration": 1.0,
      "image": "",
      "updated": "2023-01-29T14:13:40.374Z",
      "created": "2023-01-29T14:13:40.372Z"
    }
  },
  {
    "model": "base.steprecipe",
    "pk": 82,
    "fields": {
      "recipe": 8,
      "step": 21,
      "title": "Προσθέτουμε τη μπεσαμέλ",
      "description": "Τέλος, προσθέτουμε τη μπεσαμέλ (προσέχουμε να τη στρώσουμε καλά σε όλο το ταψί) και πασπαλίζουμε με τριμμένη παρμεζάνα.",
      "duration": 2.0,
      "image": "",
      "updated": "2023-01-29T14:14:12.046Z",
      "created": "2023-01-29T14:14:12.043Z"
    }
  },
  {
    "model": "base.steprecipe",
    "pk": 83,
    "fields": {
      "recipe": 8,
      "step": 22,
      "title": "Ψήνουμε στον φούρνο",
      "description": "Ψήνουμε στον φούρνο 35-40 λεπτά μέχρι να πάρει χρυσαφί χρώμα.",
      "duration": 40.0,
      "image": "",
      "updated": "2023-01-29T14:14:48.837Z",
      "created": "2023-01-29T14:14:48.832Z"
    }
  },
  {
    "model": "base.steprecipe",
    "pk": 84,
    "fields": {
      "recipe": 8,
      "step": 23,
      "title": "Αφαιρούμε από τον φούρνο",
      "description": "Αφαιρούμε από τον φούρνο και αφήνουμε να κρυώσει καλά για 1 ώρα.",
      "duration": 60.0,
      "image": "",
      "updated": "2023-01-29T14:15:13.526Z",
      "created": "2023-01-29T14:15:13.518Z"
    }
  },
  {
    "model": "base.steprecipe",
    "pk": 85,
    "fields": {
      "recipe": 8,
      "step": 24,
      "title": "Κόβουμε σε κομμάτια",
      "description": "Κόβουμε σε κομμάτια και σερβίρουμε!!!",
      "duration": 1.0,
      "image": "",
      "updated": "2023-01-29T14:15:35.715Z",
      "created": "2023-01-29T14:15:35.698Z"
    }
  },
  {
    "model": "base.steprecipe",
    "pk": 86,
    "fields": {
      "recipe": 5,
      "step": 2,
      "title": "Κόβουμε το κρεμμύδι",
      "description": "Κόβουμε το κρεμμύδι σε χοντρά κομμάτια, ψιλοκόβουμε το σκόρδο και το βάζουμε στην κατσαρόλα. Προσθέτουμε αλάτι, πιπέρι και σοτάρουμε.",
      "duration": 2.0,
      "image": "",
      "updated": "2023-01-29T14:17:21.246Z",
      "created": "2023-01-29T14:17:21.243Z"
    }
  },
  {
    "model": "base.steprecipe",
    "pk": 87,
    "fields": {
      "recipe": 5,
      "step": 3,
      "title": "Ψιλοκόβουμε το άσπρο μέρος από τα κρεμμυδάκια",
      "description": "Ψιλοκόβουμε το άσπρο μέρος από τα κρεμμυδάκια, τα κοτσάνια από τον άνηθο και τα βάζουμε στην κατσαρόλα.",
      "duration": 2.0,
      "image": "",
      "updated": "2023-01-29T14:17:43.310Z",
      "created": "2023-01-29T14:17:43.303Z"
    }
  },
  {
    "model": "base.steprecipe",
    "pk": 88,
    "fields": {
      "recipe": 5,
      "step": 4,
      "title": "Προσθέτουμε το ρύζι",
      "description": "Προσθέτουμε το ρύζι και σοτάρουμε 1-2 λεπτά να θωρακιστεί.",
      "duration": 2.0,
      "image": "",
      "updated": "2023-01-29T14:18:02.154Z",
      "created": "2023-01-29T14:18:02.145Z"
    }
  },
  {
    "model": "base.steprecipe",
    "pk": 89,
    "fields": {
      "recipe": 5,
      "step": 5,
      "title": "Σβήνουμε με το κρασί",
      "description": "Σβήνουμε με το κρασί και αφήνουμε να εξατμιστεί. Βάζουμε τον ζωμό σε δόσεις και ανακατεύουμε συνέχεια, σε μέτρια φωτιά, για 13-15 λεπτά μέχρι να βράσει το ρύζι και γίνει al dente.",
      "duration": 15.0,
      "image": "",
      "updated": "2023-01-29T14:18:21.492Z",
      "created": "2023-01-29T14:18:21.487Z"
    }
  },
  {
    "model": "base.steprecipe",
    "pk": 90,
    "fields": {
      "recipe": 5,
      "step": 6,
      "title": "Βάζουμε το σπανάκι",
      "description": "Βάζουμε το σπανάκι σε ένα μπολ και προσθέτουμε αλάτι. Ανακατεύουμε και πιέζουμε δυνατά με τα χέρια μας για να πέσει ο όγκος και χάσει όλη την υγρασία του. Μεταφέρουμε στην κατσαρόλα και βράζουμε για 3-4 λεπτά.",
      "duration": 4.0,
      "image": "",
      "updated": "2023-01-29T14:18:57.768Z",
      "created": "2023-01-29T14:18:40.486Z"
    }
  },
  {
    "model": "base.steprecipe",
    "pk": 91,
    "fields": {
      "recipe": 5,
      "step": 7,
      "title": "Προσθέτουμε 100 γρ. νερό",
      "description": "Αν δεν έχει μείνει υγρασία στην κατσαρόλα μας προσθέτουμε 100 γρ. νερό, χυμό από 2 λεμόνια και αφαιρούμε από τη φωτιά.",
      "duration": 3.0,
      "image": "",
      "updated": "2023-01-29T14:19:40.336Z",
      "created": "2023-01-29T14:19:40.333Z"
    }
  },
  {
    "model": "base.steprecipe",
    "pk": 92,
    "fields": {
      "recipe": 5,
      "step": 8,
      "title": "Ψιλοκόβουμε και πρσθέτουμε",
      "description": "Ψιλοκόβουμε τον υπόλοιπο άνηθο, το πράσινο μέρος από τα κρεμμυδάκια και τα βάζουμε στην κατσαρόλα. Προσθέτουμε το ξύσμα από τα λεμόνια, το υπόλοιπο ελαιόλαδο και ανακατεύουμε.",
      "duration": 3.0,
      "image": "",
      "updated": "2023-01-29T14:20:10.857Z",
      "created": "2023-01-29T14:20:10.841Z"
    }
  },
  {
    "model": "base.steprecipe",
    "pk": 93,
    "fields": {
      "recipe": 5,
      "step": 9,
      "title": "Σερβίρουμε",
      "description": "Σερβίρουμε με φέτες λεμονιού, ελαιόλαδο, πιπέρι, ρίγανη και φέτα.",
      "duration": 1.0,
      "image": "",
      "updated": "2023-01-29T14:20:28.873Z",
      "created": "2023-01-29T14:20:28.854Z"
    }
  },
  {
    "model": "base.steprecipe",
    "pk": 94,
    "fields": {
      "recipe": 6,
      "step": 1,
      "title": "Χοντροκόβουμε",
      "description": "Χοντροκόβουμε στον πολυκόφτη ή με ένα κοφτερό μαχαίρι την καρδιά και το πνευμόνι.",
      "duration": 3.0,
      "image": "",
      "updated": "2023-01-29T14:22:19.450Z",
      "created": "2023-01-29T14:22:19.447Z"
    }
  },
  {
    "model": "base.steprecipe",
    "pk": 95,
    "fields": {
      "recipe": 6,
      "step": 2,
      "title": "Ζεσταίνουμε σε δυνατή φωτιά",
      "description": "Σε μια φαρδιά κατσαρόλα ή σε ένα μεγάλο τηγάνι ζεσταίνουμε σε δυνατή φωτιά 2 κουταλιές της σούπας από το ελαιόλαδο και σοτάρουμε την καρδιά και το πνευμόνι μαζί με τον κιμά για περίπου 10 λεπτά, να αλλάξουν χρώμα, να εξατμιστούν τα υγρά και να καβουρδιστούν ελαφρώς.",
      "duration": 10.0,
      "image": "",
      "updated": "2023-01-29T14:22:53.129Z",
      "created": "2023-01-29T14:22:53.125Z"
    }
  },
  {
    "model": "base.steprecipe",
    "pk": 96,
    "fields": {
      "recipe": 6,
      "step": 3,
      "title": "Προσθέτουμε",
      "description": "Προσθέτουμε τα κρεμμύδια, τον μαϊντανό, το ρύζι και αλατοπίπερο.",
      "duration": 1.0,
      "image": "",
      "updated": "2023-01-29T14:23:09.552Z",
      "created": "2023-01-29T14:23:09.548Z"
    }
  },
  {
    "model": "base.steprecipe",
    "pk": 97,
    "fields": {
      "recipe": 6,
      "step": 4,
      "title": "Ανακατεύουμε",
      "description": "Ανακατεύουμε για 2 λεπτά και αποσύρουμε από τη φωτιά.",
      "duration": 2.0,
      "image": "",
      "updated": "2023-01-29T14:23:27.149Z",
      "created": "2023-01-29T14:23:27.142Z"
    }
  },
  {
    "model": "base.steprecipe",
    "pk": 98,
    "fields": {
      "recipe": 6,
      "step": 5,
      "title": "Δένουμε προσεκτικά",
      "description": "Δένουμε προσεκτικά τη μία άκρη του εντέρου σε κόμπο. Κρατάμε με τα δάχτυλά μας ανοιχτό το στόμιο από την άλλη πλευρά και με ένα κουτάλι ξεκινάμε να γεμίζουμε το έντερο. Μπορούμε να χρησιμοποιήσουμε και χωνί, αλλά θα πρέπει να προσέχουμε να μη σχιστεί το έντερο. Βάζουμε αργά αργά όλη τη γέμιση στο έντερο και κλείνουμε και από την άλλη πλευρά με κόμπο.",
      "duration": 7.0,
      "image": "",
      "updated": "2023-01-29T14:24:20.112Z",
      "created": "2023-01-29T14:24:20.109Z"
    }
  },
  {
    "model": "base.steprecipe",
    "pk": 99,
    "fields": {
      "recipe": 6,
      "step": 6,
      "title": "Δεν πρέπει να γεμίσουμε πολύ το έντερο",
      "description": "Δεν πρέπει να γεμίσουμε πολύ το έντερο, γιατί το ρύζι στο ψήσιμο θα φουσκώσει και μπορεί να σκιστεί το έντερο.",
      "duration": 2.0,
      "image": "",
      "updated": "2023-01-29T14:24:54.583Z",
      "created": "2023-01-29T14:24:54.581Z"
    }
  },
  {
    "model": "base.steprecipe",
    "pk": 100,
    "fields": {
      "recipe": 6,
      "step": 7,
      "title": "Προθερμαίνουμε τον φούρνο",
      "description": "Προθερμαίνουμε τον φούρνο στους 180°C.",
      "duration": 5.0,
      "image": "",
      "updated": "2023-01-29T14:25:29.193Z",
      "created": "2023-01-29T14:25:29.185Z"
    }
  },
  {
    "model": "base.steprecipe",
    "pk": 101,
    "fields": {
      "recipe": 6,
      "step": 8,
      "title": "Σε ένα ταψί",
      "description": "Σε ένα ταψί ή σε μια γάστρα βάζουμε το μπουμπάρι και απλώνουμε γύρω του τις πατάτες.",
      "duration": 2.0,
      "image": "",
      "updated": "2023-01-29T14:25:54.664Z",
      "created": "2023-01-29T14:25:54.648Z"
    }
  },
  {
    "model": "base.steprecipe",
    "pk": 102,
    "fields": {
      "recipe": 6,
      "step": 9,
      "title": "Περιχύνουμε",
      "description": "Περιχύνουμε με τον αραιωμένο πελτέ, το υπόλοιπο ελαιόλαδο και τον χυμό λεμονιού.",
      "duration": 1.0,
      "image": "",
      "updated": "2023-01-29T14:26:23.916Z",
      "created": "2023-01-29T14:26:23.913Z"
    }
  },
  {
    "model": "base.steprecipe",
    "pk": 103,
    "fields": {
      "recipe": 6,
      "step": 10,
      "title": "Ψήνουμε",
      "description": "Αλατοπιπερώνουμε τις πατάτες και ψήνουμε για περίπου 1 ώρα.",
      "duration": 60.0,
      "image": "",
      "updated": "2023-01-29T14:26:52.162Z",
      "created": "2023-01-29T14:26:52.159Z"
    }
  },
  {
    "model": "base.steprecipe",
    "pk": 104,
    "fields": {
      "recipe": 3,
      "step": 1,
      "title": "Προσθέτουμε σε ένα γουδί",
      "description": "Σε ένα γουδί ή σε ένα μπλέντερ, προσθέτουμε τον κόλιανδρο και τον αστεροειδή γλυκάνισο. Χτυπάμε μέχρι να τα σπάσουμε καλά και τα μεταφέρουμε σε ένα μεγάλο μπολ",
      "duration": 7.0,
      "image": "",
      "updated": "2023-01-29T14:43:36.695Z",
      "created": "2023-01-29T14:43:36.691Z"
    }
  },
  {
    "model": "base.steprecipe",
    "pk": 105,
    "fields": {
      "recipe": 3,
      "step": 2,
      "title": "Προσθέτουμε τα παιδάκια",
      "description": "Στο ίδιο μπολ προσθέτουμε τα παιδάκια και ολα τα υπόλοιπα υλικά.",
      "duration": 1.0,
      "image": "",
      "updated": "2023-01-29T14:43:55.952Z",
      "created": "2023-01-29T14:43:55.945Z"
    }
  },
  {
    "model": "base.steprecipe",
    "pk": 106,
    "fields": {
      "recipe": 3,
      "step": 3,
      "title": "Ανακατεύουμε πολύ καλά",
      "description": "Φορώντας γάντια μίας χρήσης ανακατεύουμε πολύ καλά με τα χέρια, ώστε η μαρινάδα να καλύψει όλη την επιφάνεια του κρέατος",
      "duration": 3.0,
      "image": "",
      "updated": "2023-01-29T14:44:19.504Z",
      "created": "2023-01-29T14:44:19.496Z"
    }
  },
  {
    "model": "base.steprecipe",
    "pk": 107,
    "fields": {
      "recipe": 3,
      "step": 4,
      "title": "Αφήνουμε στο ψυγείο",
      "description": "Τυλίγουμε με διαφανή μεμβράνη και αφήνουμε στο ψυγείο για μία μέρα.",
      "duration": 1440.0,
      "image": "",
      "updated": "2023-01-29T14:45:05.194Z",
      "created": "2023-01-29T14:45:05.186Z"
    }
  },
  {
    "model": "base.steprecipe",
    "pk": 108,
    "fields": {
      "recipe": 3,
      "step": 5,
      "title": "Βγάζουμε από το ψυγείο το μπολ",
      "description": "Βγάζουμε από το ψυγείο το μπολ με τα παϊδάκια και το αφήνουμε πέντε λεπτά να πάρει θερμοκρασία δωματίου. Παράλληλα, τοποθετούμε ένα σχαροτήγανο σε μέτρια προς δυνατή φωτιά και το αφήνουμε να κάψει.",
      "duration": 5.0,
      "image": "",
      "updated": "2023-01-29T14:45:33.683Z",
      "created": "2023-01-29T14:45:33.679Z"
    }
  },
  {
    "model": "base.steprecipe",
    "pk": 109,
    "fields": {
      "recipe": 3,
      "step": 6,
      "title": "Ψήνουμε τα παϊδάκια",
      "description": "Ψήνουμε τα παϊδάκια 7 λεπτά περίπου από την κάθε πλευρά, μέχρι να ροδοκοκκινίσουν.",
      "duration": 7.0,
      "image": "",
      "updated": "2023-01-29T14:45:52.775Z",
      "created": "2023-01-29T14:45:52.771Z"
    }
  },
  {
    "model": "base.steprecipe",
    "pk": 110,
    "fields": {
      "recipe": 3,
      "step": 7,
      "title": "Έτοιμο",
      "description": "Μόλις είναι έτοιμα τα τοποθετούμε σε μία πιατέλα και τα σερβίρουμε με μουστάρδα και λεμόνι.",
      "duration": 2.0,
      "image": "",
      "updated": "2023-01-29T14:46:22.470Z",
      "created": "2023-01-29T14:46:22.453Z"
    }
  },
  {
    "model": "base.steprecipe",
    "pk": 111,
    "fields": {
      "recipe": 8,
      "step": 1,
      "title": "Τηγάνι σε δυνατή φωτιά",
      "description": "Βάζουμε ένα τηγάνι σε δυνατή φωτιά.",
      "duration": 2.0,
      "image": "",
      "updated": "2023-02-03T08:40:52.333Z",
      "created": "2023-02-03T08:38:31.554Z"
    }
  },
  {
    "model": "base.ingredient",
    "pk": 39,
    "fields": { "stepRecipe": 94, "name": "Καρδιά", "description": "" }
  },
  {
    "model": "base.ingredient",
    "pk": 40,
    "fields": { "stepRecipe": 94, "name": "Πνευμόνι", "description": "" }
  },
  {
    "model": "base.ingredient",
    "pk": 41,
    "fields": { "stepRecipe": 95, "name": "Ελαιόλαδο", "description": "" }
  },
  {
    "model": "base.ingredient",
    "pk": 42,
    "fields": { "stepRecipe": 95, "name": "Καρδιά", "description": "" }
  },
  {
    "model": "base.ingredient",
    "pk": 43,
    "fields": { "stepRecipe": 95, "name": "Πνευμόνι", "description": "" }
  },
  {
    "model": "base.ingredient",
    "pk": 44,
    "fields": { "stepRecipe": 95, "name": "Κιμάς", "description": "" }
  },
  {
    "model": "base.ingredient",
    "pk": 45,
    "fields": { "stepRecipe": 96, "name": "Κρεμμύδια", "description": "" }
  },
  {
    "model": "base.ingredient",
    "pk": 46,
    "fields": { "stepRecipe": 96, "name": "Μαϊντανός", "description": "" }
  },
  {
    "model": "base.ingredient",
    "pk": 47,
    "fields": { "stepRecipe": 96, "name": "Ρύζι", "description": "" }
  },
  {
    "model": "base.ingredient",
    "pk": 48,
    "fields": { "stepRecipe": 96, "name": "Αλατοπίπερο", "description": "" }
  },
  {
    "model": "base.ingredient",
    "pk": 49,
    "fields": { "stepRecipe": 98, "name": "Εντέρου", "description": "" }
  },
  {
    "model": "base.ingredient",
    "pk": 50,
    "fields": { "stepRecipe": 98, "name": "Γέμιση", "description": "" }
  },
  {
    "model": "base.ingredient",
    "pk": 51,
    "fields": { "stepRecipe": 102, "name": "Πελτές", "description": "" }
  },
  {
    "model": "base.ingredient",
    "pk": 52,
    "fields": { "stepRecipe": 102, "name": "Ελαιόλαδο", "description": "" }
  },
  {
    "model": "base.ingredient",
    "pk": 53,
    "fields": { "stepRecipe": 102, "name": "Χυμό λεμονιού", "description": "" }
  },
  {
    "model": "base.ingredient",
    "pk": 54,
    "fields": {
      "stepRecipe": 103,
      "name": "Αλατοπιπερώνουμε",
      "description": ""
    }
  },
  {
    "model": "base.ingredient",
    "pk": 55,
    "fields": { "stepRecipe": 6, "name": "Ελαιόλαδο", "description": "" }
  },
  {
    "model": "base.ingredient",
    "pk": 56,
    "fields": { "stepRecipe": 86, "name": "Κρεμμύδι", "description": "" }
  },
  {
    "model": "base.ingredient",
    "pk": 57,
    "fields": { "stepRecipe": 86, "name": "Σκόρδο", "description": "" }
  },
  {
    "model": "base.ingredient",
    "pk": 58,
    "fields": { "stepRecipe": 86, "name": "Αλάτι", "description": "" }
  },
  {
    "model": "base.ingredient",
    "pk": 59,
    "fields": { "stepRecipe": 86, "name": "Πιπέρι", "description": "" }
  },
  {
    "model": "base.ingredient",
    "pk": 60,
    "fields": {
      "stepRecipe": 87,
      "name": "Άσπρο μέρος από τα κρεμμυδάκια",
      "description": ""
    }
  },
  {
    "model": "base.ingredient",
    "pk": 61,
    "fields": {
      "stepRecipe": 87,
      "name": "Κοτσάνια από τον άνηθο",
      "description": ""
    }
  },
  {
    "model": "base.ingredient",
    "pk": 62,
    "fields": { "stepRecipe": 88, "name": "Ρύζι", "description": "" }
  },
  {
    "model": "base.ingredient",
    "pk": 63,
    "fields": { "stepRecipe": 89, "name": "Κρασί", "description": "" }
  },
  {
    "model": "base.ingredient",
    "pk": 64,
    "fields": { "stepRecipe": 89, "name": "Ζωμός", "description": "" }
  },
  {
    "model": "base.ingredient",
    "pk": 65,
    "fields": { "stepRecipe": 90, "name": "Σπανάκι", "description": "" }
  },
  {
    "model": "base.ingredient",
    "pk": 66,
    "fields": { "stepRecipe": 90, "name": "Αλάτι", "description": "" }
  },
  {
    "model": "base.ingredient",
    "pk": 67,
    "fields": { "stepRecipe": 91, "name": "Νερό", "description": "" }
  },
  {
    "model": "base.ingredient",
    "pk": 68,
    "fields": {
      "stepRecipe": 91,
      "name": "Χυμός από λεμόνι",
      "description": ""
    }
  },
  {
    "model": "base.ingredient",
    "pk": 69,
    "fields": { "stepRecipe": 92, "name": "Άνηθος", "description": "" }
  },
  {
    "model": "base.ingredient",
    "pk": 70,
    "fields": {
      "stepRecipe": 92,
      "name": "Πράσινο μέρος από τα κρεμμυδάκια",
      "description": ""
    }
  },
  {
    "model": "base.ingredient",
    "pk": 71,
    "fields": {
      "stepRecipe": 92,
      "name": "Ξύσμα από λεμόνια",
      "description": ""
    }
  },
  {
    "model": "base.ingredient",
    "pk": 72,
    "fields": { "stepRecipe": 92, "name": "Ελαιόλαδο", "description": "" }
  },
  {
    "model": "base.ingredient",
    "pk": 73,
    "fields": { "stepRecipe": 93, "name": "Φέτες λεμονιού", "description": "" }
  },
  {
    "model": "base.ingredient",
    "pk": 74,
    "fields": { "stepRecipe": 93, "name": "Ελαιόλαδο", "description": "" }
  },
  {
    "model": "base.ingredient",
    "pk": 75,
    "fields": { "stepRecipe": 93, "name": "Πιπέρι", "description": "" }
  },
  {
    "model": "base.ingredient",
    "pk": 76,
    "fields": { "stepRecipe": 93, "name": "Ρίγανη", "description": "" }
  },
  {
    "model": "base.ingredient",
    "pk": 77,
    "fields": { "stepRecipe": 93, "name": "Φέτα", "description": "" }
  },
  {
    "model": "base.ingredient",
    "pk": 78,
    "fields": { "stepRecipe": 104, "name": "κόλιανδρος", "description": "" }
  },
  {
    "model": "base.ingredient",
    "pk": 79,
    "fields": {
      "stepRecipe": 104,
      "name": "Αστεροειδή γλυκάνισος",
      "description": ""
    }
  },
  {
    "model": "base.ingredient",
    "pk": 80,
    "fields": { "stepRecipe": 105, "name": "Παϊδάκια", "description": "" }
  },
  {
    "model": "base.ingredient",
    "pk": 81,
    "fields": { "stepRecipe": 110, "name": "Μουστάρδα", "description": "" }
  },
  {
    "model": "base.ingredient",
    "pk": 82,
    "fields": { "stepRecipe": 110, "name": "Λεμόνι", "description": "" }
  },
  {
    "model": "base.ingredient",
    "pk": 83,
    "fields": { "stepRecipe": 9, "name": "Πατάτες", "description": "" }
  },
  {
    "model": "base.ingredient",
    "pk": 84,
    "fields": { "stepRecipe": 9, "name": "Ελαιόλαδο", "description": "" }
  },
  {
    "model": "base.ingredient",
    "pk": 85,
    "fields": { "stepRecipe": 64, "name": "Πατάτες", "description": "" }
  },
  {
    "model": "base.ingredient",
    "pk": 86,
    "fields": { "stepRecipe": 64, "name": "Ελαιόλαδο", "description": "" }
  },
  {
    "model": "base.ingredient",
    "pk": 87,
    "fields": { "stepRecipe": 64, "name": "Θυμάρι", "description": "" }
  },
  {
    "model": "base.ingredient",
    "pk": 88,
    "fields": { "stepRecipe": 65, "name": "Κρεμμύδι", "description": "" }
  },
  {
    "model": "base.ingredient",
    "pk": 89,
    "fields": { "stepRecipe": 65, "name": "Πατάτες", "description": "" }
  },
  {
    "model": "base.ingredient",
    "pk": 90,
    "fields": { "stepRecipe": 65, "name": "Ελαιόλαδο", "description": "" }
  },
  {
    "model": "base.ingredient",
    "pk": 91,
    "fields": { "stepRecipe": 66, "name": "Κολοκύθακια", "description": "" }
  },
  {
    "model": "base.ingredient",
    "pk": 92,
    "fields": { "stepRecipe": 66, "name": "Ελαιόλαδο", "description": "" }
  },
  {
    "model": "base.ingredient",
    "pk": 93,
    "fields": { "stepRecipe": 66, "name": "Αλατοπίπερο", "description": "" }
  },
  {
    "model": "base.ingredient",
    "pk": 94,
    "fields": { "stepRecipe": 66, "name": "Θυμάρι", "description": "" }
  },
  {
    "model": "base.ingredient",
    "pk": 95,
    "fields": { "stepRecipe": 67, "name": "Μελιτζάνες", "description": "" }
  },
  {
    "model": "base.ingredient",
    "pk": 96,
    "fields": { "stepRecipe": 67, "name": "Ελαιόλαδο", "description": "" }
  },
  {
    "model": "base.ingredient",
    "pk": 97,
    "fields": { "stepRecipe": 67, "name": "Θυμάρι", "description": "" }
  },
  {
    "model": "base.ingredient",
    "pk": 98,
    "fields": { "stepRecipe": 67, "name": "Αλατοπίπερο", "description": "" }
  },
  {
    "model": "base.ingredient",
    "pk": 99,
    "fields": { "stepRecipe": 68, "name": "Κρεμμύδι", "description": "" }
  },
  {
    "model": "base.ingredient",
    "pk": 100,
    "fields": { "stepRecipe": 68, "name": "Ελαιόλαδο", "description": "" }
  },
  {
    "model": "base.ingredient",
    "pk": 101,
    "fields": { "stepRecipe": 69, "name": "Σκόρδο", "description": "" }
  },
  {
    "model": "base.ingredient",
    "pk": 102,
    "fields": { "stepRecipe": 70, "name": "Ζάχαρη", "description": "" }
  },
  {
    "model": "base.ingredient",
    "pk": 103,
    "fields": { "stepRecipe": 70, "name": "Μοσχοκάρυδο", "description": "" }
  },
  {
    "model": "base.ingredient",
    "pk": 104,
    "fields": { "stepRecipe": 70, "name": "Κανέλα", "description": "" }
  },
  {
    "model": "base.ingredient",
    "pk": 105,
    "fields": { "stepRecipe": 70, "name": "Πελτές", "description": "" }
  },
  {
    "model": "base.ingredient",
    "pk": 106,
    "fields": { "stepRecipe": 71, "name": "Κιμάς", "description": "" }
  },
  {
    "model": "base.ingredient",
    "pk": 107,
    "fields": { "stepRecipe": 3, "name": "Τομάτα κονκασέ", "description": "" }
  },
  {
    "model": "base.ingredient",
    "pk": 108,
    "fields": { "stepRecipe": 73, "name": "Αλατοπίπερο", "description": "" }
  },
  {
    "model": "base.ingredient",
    "pk": 109,
    "fields": { "stepRecipe": 75, "name": "Βούτυρο", "description": "" }
  },
  {
    "model": "base.ingredient",
    "pk": 110,
    "fields": { "stepRecipe": 75, "name": "Αλεύρι", "description": "" }
  },
  {
    "model": "base.ingredient",
    "pk": 111,
    "fields": { "stepRecipe": 76, "name": "Γάλα", "description": "" }
  },
  {
    "model": "base.ingredient",
    "pk": 112,
    "fields": { "stepRecipe": 78, "name": "Τριμμένο πιπέρι", "description": "" }
  },
  {
    "model": "base.ingredient",
    "pk": 113,
    "fields": {
      "stepRecipe": 78,
      "name": "Τριμμένο μοσχοκάρυδο",
      "description": ""
    }
  },
  {
    "model": "base.ingredient",
    "pk": 114,
    "fields": { "stepRecipe": 78, "name": "Λίγη παρμεζάνα", "description": "" }
  },
  {
    "model": "base.ingredient",
    "pk": 115,
    "fields": {
      "stepRecipe": 78,
      "name": "Κρόκοι από τα αυγά",
      "description": ""
    }
  },
  {
    "model": "base.ingredient",
    "pk": 116,
    "fields": { "stepRecipe": 80, "name": "Αλάτι", "description": "" }
  },
  {
    "model": "base.ingredient",
    "pk": 117,
    "fields": { "stepRecipe": 80, "name": "Πιπέρι", "description": "" }
  },
  {
    "model": "base.ingredient",
    "pk": 119,
    "fields": {
      "stepRecipe": 82,
      "name": "Τριμμένη παρμεζάνα",
      "description": ""
    }
  }
]
